{
  "name": "MI0283QT9",
  "version": "1.0.0",
  "keywords": "spi, graphics, display, lcd",
  "description": "MI0283QT-9 / -9A / -11 Display (ILI9341, SPI)",
  "include": "MI0283QT9",
  "repository":
  {
    "type": "git",
    "url": "https://github.com/watterott/Arduino-Libs.git"
  },
  "dependencies":
  [
    {
      "name": "digitalWriteFast",
      "frameworks": "arduino"
    },
    {
      "name": "GraphicsLib",
      "frameworks": "arduino"
    }
  ],
  "frameworks": "arduino",
  "platforms": "atmelavr"
}
